,Trial,Distance,Angular Velocity,Angle
0,1,2.3,2263.1832907667517,59.0
1,2,2.77,2349.1269600363753,54.0
2,3,3.2399999999999998,2444.6199258915126,50.0
3,4,3.71,2549.662188332163,46.0
4,5,4.18,2645.1551541873005,43.0
5,6,4.65,2750.1974166279515,40.0
6,7,5.12,2864.7889756541163,37.0
7,8,5.59,2998.479127851308,34.0
8,9,6.0600000000000005,3084.4227971209316,32.0
